<?xml version="1.0" encoding="UTF-8"?>
<point_cloud version="1.2.0">
  <params>
    <dataType>uint8</dataType>
    <bands>
      <band label="Red"/>
      <band label="Green"/>
      <band label="Blue"/>
    </bands>
  </params>
  <tracks path="tracks.ply" count="54862"/>
  <points path="points.ply" count="45990"/>
  <projections camera_id="0" path="p0.ply" count="4560"/>
  <projections camera_id="1" path="p1.ply" count="4376"/>
  <projections camera_id="2" path="p2.ply" count="4162"/>
  <projections camera_id="3" path="p3.ply" count="4655"/>
  <projections camera_id="4" path="p4.ply" count="3975"/>
  <projections camera_id="5" path="p5.ply" count="4021"/>
  <projections camera_id="6" path="p6.ply" count="4014"/>
  <projections camera_id="7" path="p7.ply" count="4288"/>
  <projections camera_id="8" path="p8.ply" count="5596"/>
  <projections camera_id="9" path="p9.ply" count="4406"/>
  <projections camera_id="10" path="p10.ply" count="972"/>
  <projections camera_id="11" path="p11.ply" count="3810"/>
  <projections camera_id="12" path="p12.ply" count="4121"/>
  <projections camera_id="13" path="p13.ply" count="4028"/>
  <projections camera_id="14" path="p14.ply" count="4077"/>
  <projections camera_id="15" path="p15.ply" count="3130"/>
  <projections camera_id="16" path="p16.ply" count="4015"/>
  <projections camera_id="17" path="p17.ply" count="4867"/>
  <projections camera_id="18" path="p18.ply" count="4292"/>
  <projections camera_id="19" path="p19.ply" count="4840"/>
  <projections camera_id="20" path="p20.ply" count="4880"/>
  <projections camera_id="21" path="p21.ply" count="4743"/>
  <projections camera_id="22" path="p22.ply" count="4133"/>
  <projections camera_id="23" path="p23.ply" count="4179"/>
  <projections camera_id="24" path="p24.ply" count="4019"/>
  <projections camera_id="25" path="p25.ply" count="4059"/>
  <projections camera_id="26" path="p26.ply" count="3999"/>
  <projections camera_id="27" path="p27.ply" count="3911"/>
  <projections camera_id="28" path="p28.ply" count="1154"/>
  <projections camera_id="29" path="p29.ply" count="647"/>
  <projections camera_id="30" path="p30.ply" count="1717"/>
  <projections camera_id="31" path="p31.ply" count="2176"/>
  <projections camera_id="32" path="p32.ply" count="2835"/>
  <projections camera_id="33" path="p33.ply" count="2374"/>
  <projections camera_id="34" path="p34.ply" count="2045"/>
  <projections camera_id="35" path="p35.ply" count="2155"/>
  <projections camera_id="36" path="p36.ply" count="2702"/>
  <projections camera_id="37" path="p37.ply" count="2598"/>
  <projections camera_id="38" path="p38.ply" count="2864"/>
  <projections camera_id="39" path="p39.ply" count="2679"/>
  <projections camera_id="40" path="p40.ply" count="3393"/>
  <projections camera_id="41" path="p41.ply" count="4030"/>
  <projections camera_id="42" path="p42.ply" count="3408"/>
  <projections camera_id="43" path="p43.ply" count="2120"/>
  <projections camera_id="44" path="p44.ply" count="590"/>
  <projections camera_id="45" path="p45.ply" count="2891"/>
  <projections camera_id="46" path="p46.ply" count="4071"/>
  <projections camera_id="47" path="p47.ply" count="1718"/>
  <projections camera_id="48" path="p48.ply" count="1151"/>
  <projections camera_id="49" path="p49.ply" count="4005"/>
  <projections camera_id="50" path="p50.ply" count="4673"/>
  <projections camera_id="51" path="p51.ply" count="4036"/>
  <projections camera_id="52" path="p52.ply" count="4034"/>
  <projections camera_id="53" path="p53.ply" count="4003"/>
  <projections camera_id="54" path="p54.ply" count="3115"/>
  <projections camera_id="55" path="p55.ply" count="3724"/>
  <projections camera_id="56" path="p56.ply" count="3159"/>
  <projections camera_id="57" path="p57.ply" count="4064"/>
  <projections camera_id="58" path="p58.ply" count="4024"/>
  <projections camera_id="59" path="p59.ply" count="4048"/>
  <projections camera_id="60" path="p60.ply" count="4066"/>
  <projections camera_id="61" path="p61.ply" count="3549"/>
  <projections camera_id="62" path="p62.ply" count="2055"/>
  <projections camera_id="63" path="p63.ply" count="3236"/>
  <projections camera_id="64" path="p64.ply" count="2848"/>
  <projections camera_id="65" path="p65.ply" count="1056"/>
  <projections camera_id="66" path="p66.ply" count="1353"/>
  <projections camera_id="67" path="p67.ply" count="960"/>
  <projections camera_id="68" path="p68.ply" count="833"/>
  <projections camera_id="69" path="p69.ply" count="1250"/>
  <projections camera_id="70" path="p70.ply" count="1373"/>
  <projections camera_id="71" path="p71.ply" count="389"/>
  <projections camera_id="72" path="p72.ply" count="32"/>
  <projections camera_id="73" path="p73.ply" count="173"/>
  <projections camera_id="74" path="p74.ply" count="630"/>
  <projections camera_id="75" path="p75.ply" count="671"/>
  <projections camera_id="76" path="p76.ply" count="825"/>
  <projections camera_id="77" path="p77.ply" count="2038"/>
  <projections camera_id="78" path="p78.ply" count="2709"/>
  <projections camera_id="79" path="p79.ply" count="2143"/>
  <projections camera_id="80" path="p80.ply" count="1694"/>
  <projections camera_id="81" path="p81.ply" count="1721"/>
  <projections camera_id="82" path="p82.ply" count="1598"/>
  <projections camera_id="83" path="p83.ply" count="121"/>
  <projections camera_id="84" path="p84.ply" count="1760"/>
  <projections camera_id="85" path="p85.ply" count="896"/>
  <projections camera_id="86" path="p86.ply" count="1434"/>
  <projections camera_id="87" path="p87.ply" count="2127"/>
  <projections camera_id="88" path="p88.ply" count="1634"/>
  <projections camera_id="89" path="p89.ply" count="1400"/>
  <projections camera_id="90" path="p90.ply" count="1302"/>
  <projections camera_id="91" path="p91.ply" count="202"/>
  <meta>
    <property name="match/duration" value="1958.145927"/>
    <property name="match/match_downscale" value="0"/>
    <property name="match/match_point_limit" value="40000"/>
    <property name="match/match_preselection_generic" value="true"/>
    <property name="match/match_tiepoint_limit" value="4000"/>
  </meta>
</point_cloud>
