<?xml version="1.0" encoding="UTF-8"?>
<dense_cloud version="1.2.0">
  <tiles>
    <tile path="dense_cloud.oc3">
      <totalCount>3580314</totalCount>
      <validCount>2039171</validCount>
      <pointCount class="0">2039171</pointCount>
    </tile>
  </tiles>
  <params>
    <dataType>uint8</dataType>
    <bands>
      <band label="Red"/>
      <band label="Green"/>
      <band label="Blue"/>
    </bands>
  </params>
  <meta>
    <property name="dense_cloud/density" value="100"/>
    <property name="dense_cloud/depth_downscale" value="4"/>
    <property name="dense_cloud/depth_filter_mode" value="0"/>
    <property name="dense_cloud/duration" value="4272.699837"/>
    <property name="dense_cloud/resolution" value="0.00895592472559673"/>
    <property name="depth/duration" value="6164.888089"/>
  </meta>
</dense_cloud>
