<?xml version="1.0" encoding="UTF-8"?>
<dense_cloud version="1.2.0">
  <tiles>
    <tile path="dense_cloud.oc3">
      <totalCount>2381292</totalCount>
      <validCount>2378929</validCount>
      <pointCount class="0">2378929</pointCount>
    </tile>
  </tiles>
  <params>
    <dataType>uint8</dataType>
    <bands>
      <band label="Red"/>
      <band label="Green"/>
      <band label="Blue"/>
    </bands>
  </params>
  <meta>
    <property name="dense_cloud/density" value="100"/>
    <property name="dense_cloud/depth_downscale" value="4"/>
    <property name="dense_cloud/depth_filter_mode" value="0"/>
    <property name="dense_cloud/duration" value="1219.458293"/>
    <property name="dense_cloud/resolution" value="0.0137011782358005"/>
    <property name="depth/duration" value="55036.775792"/>
  </meta>
</dense_cloud>
